Model,Test Accuracy,Validation Accuracy,F1 Score
Random Forest,1.0,1.0,1.0
XGBoost,0.9974554707379135,1.0,0.9974554707379135
Linear SVC,1.0,1.0,1.0
Gradient Boosting,0.9961832061068703,0.9949109414758269,0.9961685823754789
Naive Bayes,0.9987277353689568,0.9949109414758269,0.9987261146496815
